{"train/lr":0.002,"step":270,"train/image":{"format":"png","width":128,"height":128,"caption":"Step 200","_type":"image-file","sha256":"bf1b78f5d73e17545d943802ae70781f99044b3427a7b24037b55b70403b56d9","size":33196,"path":"media/images/train/image_200_bf1b78f5d73e17545d94.png"},"_timestamp":1.7684909334196923e+09,"_step":270,"_wandb":{"runtime":79},"_runtime":79,"train/loss":1.443673e+06}